,tau
path_0,210
path_1,236
path_2,60
path_3,112
path_4,266
path_5,242
path_6,26
path_7,42
path_8,82
path_9,460
path_10,310
path_11,196
path_12,32
path_13,34
path_14,414
path_15,56
path_16,140
path_17,122
path_18,98
path_19,128
path_20,380
path_21,284
path_22,182
path_23,162
path_24,240
path_25,30
path_26,66
path_27,228
path_28,254
path_29,92
path_30,138
path_31,136
path_32,86
path_33,156
path_34,224
path_35,52
path_36,70
path_37,70
path_38,184
path_39,132
path_40,236
path_41,32
path_42,154
path_43,114
path_44,82
path_45,338
path_46,58
path_47,50
path_48,42
path_49,268
path_50,326
path_51,72
path_52,148
path_53,148
path_54,58
path_55,238
path_56,40
path_57,114
path_58,132
path_59,246
path_60,96
path_61,160
path_62,52
path_63,88
path_64,242
path_65,190
path_66,242
path_67,88
path_68,88
path_69,238
path_70,166
path_71,288
path_72,142
path_73,224
path_74,78
path_75,224
path_76,224
path_77,42
path_78,58
path_79,40
path_80,86
path_81,34
path_82,66
path_83,54
path_84,220
path_85,500
path_86,124
path_87,52
path_88,66
path_89,66
path_90,152
path_91,92
path_92,88
path_93,32
path_94,154
path_95,320
path_96,46
path_97,130
path_98,318
path_99,240
path_100,176
path_101,74
path_102,456
path_103,48
path_104,116
path_105,22
path_106,368
path_107,98
path_108,254
path_109,76
path_110,30
path_111,38
path_112,48
path_113,90
path_114,102
path_115,376
path_116,158
path_117,96
path_118,316
path_119,78
path_120,154
path_121,60
path_122,162
path_123,160
path_124,294
path_125,136
path_126,114
path_127,52
path_128,136
path_129,140
path_130,500
path_131,26
path_132,32
path_133,48
path_134,36
path_135,40
path_136,222
path_137,24
path_138,126
path_139,316
path_140,104
path_141,84
path_142,126
path_143,154
path_144,208
path_145,32
path_146,154
path_147,354
path_148,74
path_149,124
path_150,74
path_151,98
path_152,56
path_153,122
path_154,102
path_155,84
path_156,216
path_157,262
path_158,22
path_159,284
path_160,104
path_161,98
path_162,128
path_163,250
path_164,82
path_165,196
path_166,60
path_167,440
path_168,112
path_169,78
path_170,152
path_171,156
path_172,242
path_173,88
path_174,244
path_175,296
path_176,160
path_177,108
path_178,76
path_179,74
path_180,216
path_181,106
path_182,364
path_183,22
path_184,102
path_185,78
path_186,106
path_187,216
path_188,20
path_189,280
path_190,54
path_191,48
path_192,500
path_193,20
path_194,116
path_195,140
path_196,298
path_197,260
path_198,304
path_199,142
path_200,46
path_201,174
path_202,154
path_203,36
path_204,26
path_205,48
path_206,104
path_207,24
path_208,500
path_209,242
path_210,78
path_211,106
path_212,104
path_213,166
path_214,64
path_215,46
path_216,184
path_217,44
path_218,158
path_219,144
path_220,68
path_221,50
path_222,120
path_223,220
path_224,18
path_225,82
path_226,500
path_227,122
path_228,208
path_229,34
path_230,34
path_231,248
path_232,380
path_233,48
path_234,142
path_235,324
path_236,78
path_237,38
path_238,78
path_239,66
path_240,118
path_241,42
path_242,158
path_243,226
path_244,62
path_245,88
path_246,64
path_247,96
path_248,108
path_249,124
path_250,78
path_251,94
path_252,438
path_253,26
path_254,44
path_255,138
path_256,54
path_257,102
path_258,168
path_259,138
path_260,70
path_261,90
path_262,342
path_263,150
path_264,330
path_265,130
path_266,250
path_267,38
path_268,158
path_269,32
path_270,182
path_271,164
path_272,36
path_273,138
path_274,34
path_275,52
path_276,330
path_277,168
path_278,392
path_279,330
path_280,40
path_281,238
path_282,70
path_283,106
path_284,208
path_285,126
path_286,36
path_287,158
path_288,22
path_289,324
path_290,120
path_291,280
path_292,24
path_293,82
path_294,98
path_295,70
path_296,84
path_297,150
path_298,206
path_299,188
path_300,70
path_301,70
path_302,16
path_303,148
path_304,112
path_305,116
path_306,358
path_307,106
path_308,28
path_309,100
path_310,44
path_311,72
path_312,32
path_313,38
path_314,70
path_315,110
path_316,58
path_317,176
path_318,156
path_319,128
path_320,260
path_321,30
path_322,28
path_323,48
path_324,72
path_325,46
path_326,206
path_327,70
path_328,30
path_329,328
path_330,256
path_331,36
path_332,170
path_333,94
path_334,58
path_335,148
path_336,156
path_337,396
path_338,96
path_339,186
path_340,106
path_341,48
path_342,274
path_343,24
path_344,42
path_345,118
path_346,186
path_347,70
path_348,204
path_349,248
path_350,104
path_351,64
path_352,132
path_353,180
path_354,310
path_355,112
path_356,202
path_357,146
path_358,210
path_359,176
path_360,456
path_361,116
path_362,72
path_363,100
path_364,182
path_365,214
path_366,156
path_367,68
path_368,210
path_369,70
path_370,36
path_371,362
path_372,38
path_373,62
path_374,64
path_375,150
path_376,48
path_377,320
path_378,120
path_379,348
path_380,28
path_381,130
path_382,58
path_383,330
path_384,144
path_385,54
path_386,122
path_387,202
path_388,170
path_389,352
path_390,44
path_391,94
path_392,286
path_393,118
path_394,60
path_395,366
path_396,176
path_397,192
path_398,52
path_399,146
path_400,328
path_401,202
path_402,406
path_403,68
path_404,66
path_405,166
path_406,106
path_407,158
path_408,44
path_409,170
path_410,80
path_411,72
path_412,122
path_413,258
path_414,28
path_415,50
path_416,160
path_417,46
path_418,42
path_419,302
path_420,184
path_421,76
path_422,108
path_423,62
path_424,72
path_425,148
path_426,102
path_427,96
path_428,494
path_429,70
path_430,26
path_431,62
path_432,242
path_433,54
path_434,500
path_435,138
path_436,98
path_437,328
path_438,410
path_439,230
path_440,60
path_441,24
path_442,120
path_443,60
path_444,500
path_445,350
path_446,24
path_447,40
path_448,248
path_449,54
path_450,80
path_451,78
path_452,220
path_453,62
path_454,338
path_455,98
path_456,112
path_457,298
path_458,18
path_459,78
path_460,144
path_461,120
path_462,164
path_463,44
path_464,188
path_465,44
path_466,372
path_467,48
path_468,214
path_469,106
path_470,88
path_471,52
path_472,158
path_473,122
path_474,232
path_475,80
path_476,48
path_477,132
path_478,42
path_479,380
path_480,196
path_481,202
path_482,58
path_483,170
path_484,38
path_485,36
path_486,88
path_487,140
path_488,60
path_489,144
path_490,298
path_491,52
path_492,384
path_493,250
path_494,128
path_495,46
path_496,52
path_497,286
path_498,126
path_499,74
path_500,248
path_501,92
path_502,128
path_503,74
path_504,208
path_505,146
path_506,106
path_507,190
path_508,158
path_509,142
path_510,50
path_511,208
path_512,380
path_513,448
path_514,112
path_515,122
path_516,50
path_517,78
path_518,152
path_519,168
path_520,54
path_521,108
path_522,82
path_523,374
path_524,52
path_525,142
path_526,36
path_527,48
path_528,102
path_529,400
path_530,366
path_531,58
path_532,92
path_533,300
path_534,488
path_535,184
path_536,22
path_537,106
path_538,90
path_539,364
path_540,70
path_541,70
path_542,162
path_543,42
path_544,94
path_545,82
path_546,88
path_547,64
path_548,70
path_549,178
path_550,316
path_551,110
path_552,90
path_553,110
path_554,254
path_555,184
path_556,164
path_557,64
path_558,82
path_559,108
path_560,232
path_561,114
path_562,22
path_563,144
path_564,84
path_565,198
path_566,232
path_567,32
path_568,56
path_569,58
path_570,64
path_571,34
path_572,26
path_573,22
path_574,198
path_575,38
path_576,162
path_577,234
path_578,418
path_579,156
path_580,288
path_581,64
path_582,58
path_583,440
path_584,226
path_585,54
path_586,212
path_587,32
path_588,128
path_589,264
path_590,72
path_591,50
path_592,182
path_593,146
path_594,202
path_595,98
path_596,294
path_597,212
path_598,214
path_599,56
path_600,288
path_601,80
path_602,102
path_603,60
path_604,172
path_605,50
path_606,22
path_607,70
path_608,252
path_609,22
path_610,28
path_611,150
path_612,154
path_613,70
path_614,190
path_615,114
path_616,32
path_617,192
path_618,64
path_619,106
path_620,54
path_621,140
path_622,418
path_623,178
path_624,130
path_625,316
path_626,302
path_627,68
path_628,68
path_629,104
path_630,78
path_631,500
path_632,94
path_633,38
path_634,78
path_635,86
path_636,262
path_637,112
path_638,402
path_639,30
path_640,98
path_641,120
path_642,42
path_643,180
path_644,122
path_645,144
path_646,264
path_647,100
path_648,180
path_649,102
path_650,152
path_651,202
path_652,108
path_653,94
path_654,144
path_655,62
path_656,118
path_657,248
path_658,190
path_659,114
path_660,54
path_661,74
path_662,74
path_663,36
path_664,38
path_665,90
path_666,104
path_667,112
path_668,260
path_669,500
path_670,160
path_671,78
path_672,28
path_673,158
path_674,14
path_675,146
path_676,50
path_677,28
path_678,60
path_679,178
path_680,50
path_681,162
path_682,224
path_683,198
path_684,58
path_685,258
path_686,104
path_687,76
path_688,92
path_689,58
path_690,158
path_691,306
path_692,80
path_693,146
path_694,22
path_695,38
path_696,60
path_697,314
path_698,60
path_699,32
path_700,58
path_701,204
path_702,170
path_703,178
path_704,60
path_705,72
path_706,278
path_707,96
path_708,140
path_709,302
path_710,500
path_711,48
path_712,124
path_713,128
path_714,126
path_715,116
path_716,48
path_717,200
path_718,254
path_719,500
path_720,28
path_721,202
path_722,72
path_723,110
path_724,136
path_725,78
path_726,66
path_727,296
path_728,136
path_729,60
path_730,268
path_731,242
path_732,258
path_733,140
path_734,28
path_735,100
path_736,42
path_737,102
path_738,212
path_739,140
path_740,24
path_741,132
path_742,218
path_743,28
path_744,42
path_745,130
path_746,130
path_747,78
path_748,88
path_749,92
path_750,180
path_751,54
path_752,500
path_753,66
path_754,444
path_755,130
path_756,118
path_757,144
path_758,34
path_759,44
path_760,120
path_761,162
path_762,136
path_763,402
path_764,204
path_765,268
path_766,120
path_767,170
path_768,54
path_769,96
path_770,82
path_771,192
path_772,314
path_773,138
path_774,48
path_775,190
path_776,80
path_777,438
path_778,82
path_779,154
path_780,46
path_781,406
path_782,20
path_783,366
path_784,200
path_785,76
path_786,330
path_787,224
path_788,26
path_789,60
path_790,80
path_791,124
path_792,298
path_793,238
path_794,44
path_795,176
path_796,160
path_797,30
path_798,322
path_799,274
path_800,26
path_801,168
path_802,340
path_803,98
path_804,222
path_805,252
path_806,270
path_807,58
path_808,370
path_809,500
path_810,348
path_811,184
path_812,58
path_813,98
path_814,106
path_815,96
path_816,174
path_817,36
path_818,90
path_819,50
path_820,232
path_821,112
path_822,26
path_823,224
path_824,388
path_825,162
path_826,44
path_827,40
path_828,130
path_829,140
path_830,206
path_831,38
path_832,162
path_833,290
path_834,184
path_835,48
path_836,220
path_837,24
path_838,24
path_839,144
path_840,190
path_841,500
path_842,184
path_843,100
path_844,268
path_845,204
path_846,90
path_847,114
path_848,466
path_849,102
path_850,72
path_851,86
path_852,146
path_853,140
path_854,92
path_855,230
path_856,152
path_857,42
path_858,166
path_859,94
path_860,70
path_861,46
path_862,160
path_863,58
path_864,210
path_865,34
path_866,160
path_867,132
path_868,22
path_869,176
path_870,28
path_871,30
path_872,232
path_873,24
path_874,34
path_875,58
path_876,28
path_877,152
path_878,68
path_879,60
path_880,40
path_881,68
path_882,260
path_883,78
path_884,100
path_885,248
path_886,62
path_887,100
path_888,70
path_889,104
path_890,128
path_891,34
path_892,66
path_893,68
path_894,42
path_895,124
path_896,500
path_897,108
path_898,82
path_899,100
path_900,106
path_901,70
path_902,166
path_903,90
path_904,122
path_905,96
path_906,174
path_907,62
path_908,42
path_909,58
path_910,182
path_911,156
path_912,326
path_913,92
path_914,326
path_915,144
path_916,76
path_917,326
path_918,60
path_919,62
path_920,354
path_921,46
path_922,226
path_923,70
path_924,286
path_925,38
path_926,176
path_927,76
path_928,50
path_929,280
path_930,126
path_931,28
path_932,58
path_933,70
path_934,406
path_935,116
path_936,270
path_937,266
path_938,38
path_939,92
path_940,208
path_941,32
path_942,404
path_943,200
path_944,50
path_945,384
path_946,40
path_947,84
path_948,194
path_949,52
path_950,16
path_951,160
path_952,30
path_953,120
path_954,50
path_955,308
path_956,126
path_957,314
path_958,52
path_959,124
path_960,76
path_961,232
path_962,154
path_963,102
path_964,208
path_965,64
path_966,32
path_967,122
path_968,466
path_969,276
path_970,188
path_971,102
path_972,76
path_973,422
path_974,302
path_975,82
path_976,274
path_977,268
path_978,128
path_979,162
path_980,52
path_981,198
path_982,468
path_983,252
path_984,82
path_985,182
path_986,32
path_987,50
path_988,40
path_989,156
path_990,98
path_991,126
path_992,42
path_993,58
path_994,226
path_995,70
path_996,110
path_997,68
path_998,188
path_999,180
path_1000,348
path_1001,66
path_1002,18
path_1003,38
path_1004,90
path_1005,434
path_1006,274
path_1007,26
path_1008,254
path_1009,82
path_1010,194
path_1011,30
path_1012,208
path_1013,150
path_1014,278
path_1015,40
path_1016,40
path_1017,30
path_1018,162
path_1019,296
path_1020,226
path_1021,70
path_1022,130
path_1023,116
path_1024,64
path_1025,64
path_1026,122
path_1027,112
path_1028,92
path_1029,196
path_1030,96
path_1031,110
path_1032,178
path_1033,406
path_1034,398
path_1035,136
path_1036,220
path_1037,136
path_1038,322
path_1039,126
path_1040,136
path_1041,500
path_1042,102
path_1043,226
path_1044,140
path_1045,226
path_1046,22
path_1047,140
path_1048,292
path_1049,154
path_1050,118
path_1051,148
path_1052,204
path_1053,62
path_1054,220
path_1055,82
path_1056,390
path_1057,62
path_1058,78
path_1059,84
path_1060,88
path_1061,30
path_1062,500
path_1063,80
path_1064,338
path_1065,144
path_1066,76
path_1067,174
path_1068,150
path_1069,128
path_1070,66
path_1071,30
path_1072,32
path_1073,78
path_1074,100
path_1075,170
path_1076,318
path_1077,116
path_1078,30
path_1079,114
path_1080,160
path_1081,34
path_1082,244
path_1083,120
path_1084,98
path_1085,84
path_1086,64
path_1087,34
path_1088,94
path_1089,54
path_1090,50
path_1091,500
path_1092,38
path_1093,42
path_1094,66
path_1095,104
path_1096,200
path_1097,110
path_1098,104
path_1099,326
path_1100,68
path_1101,90
path_1102,98
path_1103,322
path_1104,34
path_1105,42
path_1106,306
path_1107,276
path_1108,84
path_1109,136
path_1110,128
path_1111,132
path_1112,140
path_1113,76
path_1114,296
path_1115,276
path_1116,112
path_1117,490
path_1118,454
path_1119,170
path_1120,68
path_1121,92
path_1122,48
path_1123,90
path_1124,174
path_1125,64
path_1126,242
path_1127,126
path_1128,74
path_1129,156
path_1130,356
path_1131,56
path_1132,44
path_1133,302
path_1134,72
path_1135,276
path_1136,382
path_1137,154
path_1138,110
path_1139,46
path_1140,40
path_1141,206
path_1142,114
path_1143,92
path_1144,30
path_1145,194
path_1146,76
path_1147,136
path_1148,72
path_1149,66
path_1150,106
path_1151,58
path_1152,32
path_1153,170
path_1154,44
path_1155,68
path_1156,392
path_1157,86
path_1158,94
path_1159,22
path_1160,24
path_1161,184
path_1162,148
path_1163,144
path_1164,130
path_1165,36
path_1166,232
path_1167,68
path_1168,54
path_1169,256
path_1170,76
path_1171,102
path_1172,222
path_1173,50
path_1174,118
path_1175,56
path_1176,116
path_1177,64
path_1178,102
path_1179,108
path_1180,114
path_1181,154
path_1182,134
path_1183,230
path_1184,136
path_1185,16
path_1186,114
path_1187,102
path_1188,216
path_1189,282
path_1190,262
path_1191,150
path_1192,18
path_1193,76
path_1194,40
path_1195,136
path_1196,162
path_1197,274
path_1198,234
path_1199,384
path_1200,114
path_1201,70
path_1202,360
path_1203,68
path_1204,86
path_1205,34
path_1206,500
path_1207,98
path_1208,248
path_1209,178
path_1210,32
path_1211,204
path_1212,314
path_1213,250
path_1214,128
path_1215,110
path_1216,28
path_1217,40
path_1218,354
path_1219,40
path_1220,44
path_1221,248
path_1222,30
path_1223,58
path_1224,56
path_1225,72
path_1226,244
path_1227,42
path_1228,50
path_1229,54
path_1230,80
path_1231,94
path_1232,240
path_1233,34
path_1234,148
path_1235,116
path_1236,226
path_1237,178
path_1238,102
path_1239,58
path_1240,178
path_1241,154
path_1242,348
path_1243,160
path_1244,194
path_1245,114
path_1246,130
path_1247,22
path_1248,44
path_1249,146
path_1250,74
path_1251,52
path_1252,474
path_1253,208
path_1254,20
path_1255,100
path_1256,20
path_1257,240
path_1258,160
path_1259,500
path_1260,130
path_1261,88
path_1262,36
path_1263,52
path_1264,44
path_1265,76
path_1266,76
path_1267,174
path_1268,40
path_1269,134
path_1270,96
path_1271,248
path_1272,106
path_1273,126
path_1274,382
path_1275,114
path_1276,42
path_1277,124
path_1278,64
path_1279,260
path_1280,220
path_1281,250
path_1282,194
path_1283,130
path_1284,30
path_1285,74
path_1286,100
path_1287,90
path_1288,30
path_1289,348
path_1290,294
path_1291,184
path_1292,72
path_1293,186
path_1294,84
path_1295,54
path_1296,32
path_1297,356
path_1298,90
path_1299,138
path_1300,200
path_1301,452
path_1302,24
path_1303,210
path_1304,200
path_1305,106
path_1306,124
path_1307,62
path_1308,150
path_1309,136
path_1310,76
path_1311,270
path_1312,104
path_1313,110
path_1314,86
path_1315,220
path_1316,36
path_1317,72
path_1318,128
path_1319,158
path_1320,62
path_1321,104
path_1322,72
path_1323,40
path_1324,372
path_1325,146
path_1326,184
path_1327,336
path_1328,84
path_1329,24
path_1330,102
path_1331,174
path_1332,248
path_1333,54
path_1334,20
path_1335,62
path_1336,138
path_1337,366
path_1338,220
path_1339,52
path_1340,238
path_1341,122
path_1342,116
path_1343,120
path_1344,162
path_1345,110
path_1346,92
path_1347,290
path_1348,360
path_1349,132
path_1350,102
path_1351,110
path_1352,218
path_1353,154
path_1354,48
path_1355,42
path_1356,450
path_1357,206
path_1358,140
path_1359,164
path_1360,220
path_1361,56
path_1362,190
path_1363,60
path_1364,86
path_1365,352
path_1366,132
path_1367,268
path_1368,278
path_1369,28
path_1370,26
path_1371,44
path_1372,140
path_1373,336
path_1374,74
path_1375,218
path_1376,114
path_1377,154
path_1378,154
path_1379,34
path_1380,124
path_1381,34
path_1382,148
path_1383,114
path_1384,28
path_1385,454
path_1386,48
path_1387,104
path_1388,180
path_1389,50
path_1390,92
path_1391,252
path_1392,174
path_1393,38
path_1394,172
path_1395,48
path_1396,114
path_1397,246
path_1398,188
path_1399,72
path_1400,474
path_1401,176
path_1402,272
path_1403,78
path_1404,142
path_1405,168
path_1406,268
path_1407,58
path_1408,62
path_1409,20
path_1410,138
path_1411,138
path_1412,90
path_1413,222
path_1414,36
path_1415,36
path_1416,160
path_1417,102
path_1418,200
path_1419,44
path_1420,54
path_1421,26
path_1422,70
path_1423,200
path_1424,110
path_1425,260
path_1426,306
path_1427,30
path_1428,304
path_1429,46
path_1430,124
path_1431,30
path_1432,44
path_1433,74
path_1434,46
path_1435,36
path_1436,390
path_1437,242
path_1438,78
path_1439,54
path_1440,118
path_1441,308
path_1442,170
path_1443,70
path_1444,194
path_1445,40
path_1446,146
path_1447,308
path_1448,122
path_1449,96
path_1450,216
path_1451,78
path_1452,144
path_1453,368
path_1454,70
path_1455,36
path_1456,130
path_1457,122
path_1458,186
path_1459,66
path_1460,128
path_1461,88
path_1462,134
path_1463,172
path_1464,28
path_1465,44
path_1466,58
path_1467,138
path_1468,192
path_1469,230
path_1470,500
path_1471,24
path_1472,48
path_1473,100
path_1474,500
path_1475,220
path_1476,118
path_1477,44
path_1478,144
path_1479,170
path_1480,70
path_1481,342
path_1482,272
path_1483,500
path_1484,70
path_1485,138
path_1486,462
path_1487,28
path_1488,28
path_1489,248
path_1490,86
path_1491,26
path_1492,72
path_1493,244
path_1494,388
path_1495,330
path_1496,214
path_1497,44
path_1498,116
path_1499,234
path_1500,190
path_1501,198
path_1502,192
path_1503,84
path_1504,386
path_1505,192
path_1506,138
path_1507,124
path_1508,40
path_1509,242
path_1510,500
path_1511,44
path_1512,84
path_1513,40
path_1514,500
path_1515,76
path_1516,86
path_1517,26
path_1518,150
path_1519,82
path_1520,270
path_1521,222
path_1522,110
path_1523,264
path_1524,190
path_1525,40
path_1526,188
path_1527,138
path_1528,44
path_1529,40
path_1530,48
path_1531,100
path_1532,66
path_1533,80
path_1534,62
path_1535,64
path_1536,60
path_1537,126
path_1538,48
path_1539,126
path_1540,320
path_1541,126
path_1542,76
path_1543,50
path_1544,310
path_1545,112
path_1546,114
path_1547,154
path_1548,36
path_1549,320
path_1550,94
path_1551,20
path_1552,58
path_1553,342
path_1554,42
path_1555,102
path_1556,330
path_1557,74
path_1558,150
path_1559,130
path_1560,46
path_1561,168
path_1562,200
path_1563,20
path_1564,36
path_1565,66
path_1566,252
path_1567,214
path_1568,178
path_1569,46
path_1570,114
path_1571,36
path_1572,268
path_1573,192
path_1574,42
path_1575,52
path_1576,64
path_1577,116
path_1578,48
path_1579,128
path_1580,320
path_1581,28
path_1582,76
path_1583,236
path_1584,124
path_1585,156
path_1586,226
path_1587,250
path_1588,118
path_1589,174
path_1590,92
path_1591,18
path_1592,198
path_1593,42
path_1594,202
path_1595,210
path_1596,34
path_1597,76
path_1598,86
path_1599,128
path_1600,22
path_1601,188
path_1602,108
path_1603,146
path_1604,222
path_1605,88
path_1606,48
path_1607,66
path_1608,130
path_1609,72
path_1610,100
path_1611,22
path_1612,126
path_1613,84
path_1614,128
path_1615,164
path_1616,120
path_1617,122
path_1618,348
path_1619,182
path_1620,30
path_1621,92
path_1622,94
path_1623,98
path_1624,28
path_1625,26
path_1626,464
path_1627,108
path_1628,54
path_1629,58
path_1630,170
path_1631,256
path_1632,32
path_1633,196
path_1634,96
path_1635,302
path_1636,136
path_1637,200
path_1638,110
path_1639,36
path_1640,114
path_1641,190
path_1642,70
path_1643,150
path_1644,118
path_1645,186
path_1646,26
path_1647,30
path_1648,34
path_1649,162
path_1650,454
path_1651,116
path_1652,216
path_1653,54
path_1654,80
path_1655,24
path_1656,118
path_1657,254
path_1658,24
path_1659,76
path_1660,248
path_1661,428
path_1662,50
path_1663,286
path_1664,62
path_1665,64
path_1666,74
path_1667,108
path_1668,246
path_1669,162
path_1670,110
path_1671,116
path_1672,34
path_1673,88
path_1674,54
path_1675,328
path_1676,258
path_1677,432
path_1678,188
path_1679,168
path_1680,156
path_1681,52
path_1682,52
path_1683,310
path_1684,248
path_1685,60
path_1686,202
path_1687,28
path_1688,264
path_1689,66
path_1690,32
path_1691,112
path_1692,24
path_1693,214
path_1694,76
path_1695,278
path_1696,56
path_1697,148
path_1698,152
path_1699,96
path_1700,74
path_1701,30
path_1702,122
path_1703,162
path_1704,142
path_1705,136
path_1706,98
path_1707,80
path_1708,106
path_1709,108
path_1710,24
path_1711,90
path_1712,54
path_1713,60
path_1714,158
path_1715,128
path_1716,276
path_1717,62
path_1718,110
path_1719,156
path_1720,44
path_1721,224
path_1722,90
path_1723,22
path_1724,34
path_1725,188
path_1726,384
path_1727,166
path_1728,102
path_1729,234
path_1730,14
path_1731,22
path_1732,248
path_1733,308
path_1734,102
path_1735,288
path_1736,114
path_1737,102
path_1738,108
path_1739,54
path_1740,66
path_1741,72
path_1742,80
path_1743,202
path_1744,80
path_1745,52
path_1746,124
path_1747,108
path_1748,132
path_1749,180
path_1750,80
path_1751,180
path_1752,58
path_1753,86
path_1754,396
path_1755,58
path_1756,38
path_1757,116
path_1758,326
path_1759,74
path_1760,114
path_1761,24
path_1762,126
path_1763,90
path_1764,152
path_1765,154
path_1766,128
path_1767,308
path_1768,126
path_1769,46
path_1770,500
path_1771,108
path_1772,104
path_1773,202
path_1774,132
path_1775,58
path_1776,226
path_1777,44
path_1778,280
path_1779,194
path_1780,36
path_1781,118
path_1782,114
path_1783,440
path_1784,204
path_1785,62
path_1786,166
path_1787,204
path_1788,60
path_1789,132
path_1790,66
path_1791,28
path_1792,22
path_1793,176
path_1794,320
path_1795,156
path_1796,32
path_1797,78
path_1798,66
path_1799,152
path_1800,58
path_1801,18
path_1802,48
path_1803,28
path_1804,218
path_1805,112
path_1806,54
path_1807,100
path_1808,138
path_1809,56
path_1810,154
path_1811,214
path_1812,100
path_1813,44
path_1814,32
path_1815,274
path_1816,378
path_1817,38
path_1818,32
path_1819,132
path_1820,30
path_1821,138
path_1822,40
path_1823,90
path_1824,166
path_1825,170
path_1826,232
path_1827,40
path_1828,38
path_1829,110
path_1830,130
path_1831,204
path_1832,42
path_1833,96
path_1834,152
path_1835,258
path_1836,32
path_1837,100
path_1838,70
path_1839,328
path_1840,374
path_1841,48
path_1842,34
path_1843,124
path_1844,168
path_1845,40
path_1846,120
path_1847,72
path_1848,56
path_1849,68
path_1850,26
path_1851,258
path_1852,82
path_1853,80
path_1854,82
path_1855,32
path_1856,58
path_1857,70
path_1858,224
path_1859,46
path_1860,218
path_1861,146
path_1862,308
path_1863,348
path_1864,158
path_1865,500
path_1866,166
path_1867,206
path_1868,58
path_1869,38
path_1870,152
path_1871,102
path_1872,80
path_1873,144
path_1874,132
path_1875,94
path_1876,46
path_1877,62
path_1878,40
path_1879,102
path_1880,218
path_1881,50
path_1882,156
path_1883,138
path_1884,130
path_1885,32
path_1886,174
path_1887,396
path_1888,132
path_1889,180
path_1890,64
path_1891,156
path_1892,116
path_1893,226
path_1894,96
path_1895,114
path_1896,76
path_1897,54
path_1898,188
path_1899,82
path_1900,250
path_1901,116
path_1902,150
path_1903,82
path_1904,80
path_1905,94
path_1906,234
path_1907,378
path_1908,128
path_1909,46
path_1910,166
path_1911,212
path_1912,32
path_1913,58
path_1914,128
path_1915,116
path_1916,144
path_1917,46
path_1918,34
path_1919,212
path_1920,18
path_1921,36
path_1922,76
path_1923,24
path_1924,366
path_1925,278
path_1926,126
path_1927,178
path_1928,38
path_1929,260
path_1930,148
path_1931,118
path_1932,162
path_1933,60
path_1934,182
path_1935,42
path_1936,104
path_1937,68
path_1938,52
path_1939,42
path_1940,452
path_1941,36
path_1942,176
path_1943,80
path_1944,316
path_1945,162
path_1946,50
path_1947,448
path_1948,80
path_1949,322
path_1950,34
path_1951,168
path_1952,456
path_1953,186
path_1954,26
path_1955,472
path_1956,60
path_1957,60
path_1958,68
path_1959,28
path_1960,34
path_1961,104
path_1962,100
path_1963,162
path_1964,168
path_1965,32
path_1966,164
path_1967,108
path_1968,92
path_1969,106
path_1970,20
path_1971,208
path_1972,184
path_1973,254
path_1974,150
path_1975,112
path_1976,166
path_1977,108
path_1978,72
path_1979,260
path_1980,66
path_1981,296
path_1982,128
path_1983,168
path_1984,70
path_1985,496
path_1986,138
path_1987,86
path_1988,32
path_1989,204
path_1990,280
path_1991,196
path_1992,74
path_1993,122
path_1994,24
path_1995,16
path_1996,248
path_1997,70
path_1998,60
path_1999,192
